ID,First Name,Last Name,Email
1,John,Doe,john@test.com
1,2,John,Smith,smith@test.com
3,Peter,Parker,peter@test.com
4,Tam,Pete,tam@test.com
5,Jolie,Rich,jolie@test.com
6,Elon,Musk,elon@test.com
7,Shahid,Afridi,shahid@test.com
8,Babar,Azam,babar@test.com
9,Sarfraz,Ahmed,sarfraz@test.com
10,Ms,Dhoni,dhoni@test.com