ID,First Name,Last Name,Email
1,John,Doe,john@test.com
2,John,Cartel,carel@test.com
3,Peter,Parker,peter@test.com
4,Pete,Tam,pete@test.com
5,Elon,Musk,elon@test.com
6,Bill,Gates,bill@test.com
7,Malinda,Gates,gates@test.com
8,Jeff,Bezos,jeff@test.com
9,Imran,Khan,imran@test.com
10,Larry,Scott,larry@test.com
Created At: Wed Sep 21 15:26:24 PKT 2022